index,block,prime,target
0,0,bpic34.bmp,fi_003_threat1.bmp
1,0,bpic7.bmp,fi_023_threat5.bmp
2,0,wpic14.bmp,fi_019_threat1.bmp
3,0,wpic11.bmp,fi_018_threat5.bmp
4,0,pn.bmp,fi_020_threat1.bmp
5,0,pn.bmp,fi_014_threat5.bmp
6,0,bpic3.bmp,fi_018_threat1.bmp
7,0,bpic18.bmp,fi_006_threat5.bmp
8,0,wpic23.bmp,fi_021_threat1.bmp
9,0,wpic40.bmp,fi_018_threat5.bmp
10,0,pn.bmp,fi_023_threat1.bmp
11,0,pn.bmp,fi_019_threat5.bmp
12,0,bpic7.bmp,fi_011_threat1.bmp
13,0,bpic7.bmp,fi_002_threat5.bmp
14,0,wpic18.bmp,fi_001_threat1.bmp
15,0,wpic14.bmp,fi_006_threat5.bmp
16,0,pn.bmp,fi_021_threat1.bmp
17,0,pn.bmp,fi_008_threat5.bmp
18,0,bpic3.bmp,fi_005_threat1.bmp
19,0,bpic31.bmp,fi_012_threat5.bmp
20,0,wpic12.bmp,fi_002_threat1.bmp
21,0,wpic37.bmp,fi_024_threat5.bmp
22,0,pn.bmp,fi_003_threat1.bmp
23,0,pn.bmp,fi_011_threat5.bmp
24,0,bpic18.bmp,fi_007_threat1.bmp
25,0,bpic12.bmp,fi_000_threat5.bmp
26,0,wpic18.bmp,fi_012_threat1.bmp
27,0,wpic4.bmp,fi_020_threat5.bmp
28,0,pn.bmp,fi_005_threat1.bmp
29,0,pn.bmp,fi_006_threat5.bmp
30,1,bpic28.bmp,fi_013_threat1.bmp
31,1,bpic23.bmp,fi_013_threat5.bmp
32,1,wpic24.bmp,fi_019_threat1.bmp
33,1,wpic11.bmp,fi_000_threat5.bmp
34,1,pn.bmp,fi_023_threat1.bmp
35,1,pn.bmp,fi_018_threat5.bmp
36,1,bpic3.bmp,fi_002_threat1.bmp
37,1,bpic18.bmp,fi_000_threat5.bmp
38,1,wpic8.bmp,fi_023_threat1.bmp
39,1,wpic40.bmp,fi_008_threat5.bmp
40,1,pn.bmp,fi_013_threat1.bmp
41,1,pn.bmp,fi_024_threat5.bmp
42,1,bpic10.bmp,fi_004_threat1.bmp
43,1,bpic28.bmp,fi_001_threat5.bmp
44,1,wpic11.bmp,fi_018_threat1.bmp
45,1,wpic14.bmp,fi_015_threat5.bmp
46,1,pn.bmp,fi_014_threat1.bmp
47,1,pn.bmp,fi_007_threat5.bmp
48,1,bpic14.bmp,fi_015_threat1.bmp
49,1,bpic18.bmp,fi_010_threat5.bmp
50,1,wpic37.bmp,fi_009_threat1.bmp
51,1,wpic14.bmp,fi_014_threat5.bmp
52,1,pn.bmp,fi_009_threat1.bmp
53,1,pn.bmp,fi_014_threat5.bmp
54,1,bpic7.bmp,fi_017_threat1.bmp
55,1,bpic23.bmp,fi_013_threat5.bmp
56,1,wpic8.bmp,fi_006_threat1.bmp
57,1,wpic27.bmp,fi_006_threat5.bmp
58,1,pn.bmp,fi_005_threat1.bmp
59,1,pn.bmp,fi_021_threat5.bmp
60,2,bpic6.bmp,fi_014_threat1.bmp
61,2,bpic8.bmp,fi_020_threat5.bmp
62,2,wpic9.bmp,fi_004_threat1.bmp
63,2,wpic5.bmp,fi_014_threat5.bmp
64,2,pn.bmp,fi_010_threat1.bmp
65,2,pn.bmp,fi_011_threat5.bmp
66,2,bpic34.bmp,fi_000_threat1.bmp
67,2,bpic19.bmp,fi_007_threat5.bmp
68,2,wpic22.bmp,fi_017_threat1.bmp
69,2,wpic2.bmp,fi_015_threat5.bmp
70,2,pn.bmp,fi_024_threat1.bmp
71,2,pn.bmp,fi_008_threat5.bmp
72,2,bpic34.bmp,fi_023_threat1.bmp
73,2,bpic6.bmp,fi_008_threat5.bmp
74,2,wpic22.bmp,fi_011_threat1.bmp
75,2,wpic4.bmp,fi_008_threat5.bmp
76,2,pn.bmp,fi_021_threat1.bmp
77,2,pn.bmp,fi_021_threat5.bmp
78,2,bpic21.bmp,fi_005_threat1.bmp
79,2,bpic17.bmp,fi_007_threat5.bmp
80,2,wpic19.bmp,fi_020_threat1.bmp
81,2,wpic33.bmp,fi_007_threat5.bmp
82,2,pn.bmp,fi_014_threat1.bmp
83,2,pn.bmp,fi_015_threat5.bmp
84,2,bpic20.bmp,fi_017_threat1.bmp
85,2,bpic28.bmp,fi_005_threat5.bmp
86,2,wpic19.bmp,fi_021_threat1.bmp
87,2,wpic8.bmp,fi_012_threat5.bmp
88,2,pn.bmp,fi_022_threat1.bmp
89,2,pn.bmp,fi_011_threat5.bmp
